[
  {
    "name": "Taj Mahal",
    "city": "Agra",
    "state": "Uttar Pradesh",
    "country": "India",
    "latitude": "27.1751",
    "longitude": "78.0421",
    "description": "The Taj Mahal is an ivory-white marble mausoleum on the right bank of the river Yamuna in Agra. It was commissioned in 1632 by the Mughal emperor Shah Jahan to house the tomb of his favourite wife Mumtaz Mahal.",
    "heroImage": "@assets/generated_images/taj-mahal-palace_a1b2c3d4.png",
    "categories": ["Historical", "UNESCO World Heritage", "Monuments"],
    "highlights": ["Seven Wonders of the World", "Mughal Architecture", "Symbol of Love", "Marble Inlay Work"],
    "officialUrl": "https://asi.nic.in/taj-mahal/",
    "bestTimeToVisit": "October to March",
    "entryFee": "₹50 for Indians, ₹1100 for Foreigners"
  },
  {
    "name": "Kerala Backwaters",
    "city": "Alleppey",
    "state": "Kerala",
    "country": "India",
    "latitude": "9.4981",
    "longitude": "76.3388",
    "description": "The Kerala backwaters are a network of brackish lagoons and lakes lying parallel to the Arabian Sea coast. Known for their scenic beauty and unique ecosystem, they offer houseboat cruises and traditional village experiences.",
    "heroImage": "@assets/generated_images/kerala-backwaters_e5f6g7h8.png",
    "categories": ["Natural", "Backwaters", "Houseboat"],
    "highlights": ["Houseboat Cruises", "Traditional Villages", "Coconut Groves", "Bird Watching"],
    "officialUrl": "https://www.keralatourism.org/destination/backwaters/",
    "bestTimeToVisit": "November to February",
    "entryFee": "No entry fee, charges for activities"
  },
  {
    "name": "Goa Beaches",
    "city": "Panaji",
    "state": "Goa",
    "country": "India",
    "latitude": "15.2993",
    "longitude": "74.1240",
    "description": "Goa is known for its pristine beaches, Portuguese colonial architecture, and vibrant nightlife. From Baga to Palolem, each beach offers unique experiences for travelers.",
    "heroImage": "@assets/generated_images/goa-beach_i9j0k1l2.png",
    "categories": ["Beach", "Colonial", "Nightlife"],
    "highlights": ["Water Sports", "Portuguese Architecture", "Beach Shacks", "Casinos"],
    "officialUrl": "https://www.goatourism.gov.in/",
    "bestTimeToVisit": "November to March",
    "entryFee": "No entry fee for beaches"
  },
  {
    "name": "Rajasthan Palaces",
    "city": "Jaipur",
    "state": "Rajasthan",
    "country": "India",
    "latitude": "26.9124",
    "longitude": "75.7873",
    "description": "The Pink City of Jaipur showcases magnificent palaces and forts including Hawa Mahal, City Palace, and Amber Fort. Known for its rich Rajputana heritage and royal architecture.",
    "heroImage": "@assets/generated_images/rajasthan-palace_m3n4o5p6.png",
    "categories": ["Historical", "Royal", "Architecture"],
    "highlights": ["Hawa Mahal", "City Palace", "Amber Fort", "Local Handicrafts"],
    "officialUrl": "https://tourism.rajasthan.gov.in/",
    "bestTimeToVisit": "October to March",
    "entryFee": "₹200-₹500 per monument"
  },
  {
    "name": "Ladakh",
    "city": "Leh",
    "state": "Ladakh",
    "country": "India",
    "latitude": "34.1526",
    "longitude": "77.5771",
    "description": "Known as the 'Land of High Passes', Ladakh offers stunning landscapes, Buddhist monasteries, and adventure activities. Famous for Pangong Lake, Nubra Valley, and high-altitude desert terrain.",
    "heroImage": "@assets/generated_images/ladakh-landscape_q7r8s9t0.png",
    "categories": ["Adventure", "Mountains", "Buddhist"],
    "highlights": ["Pangong Lake", "Nubra Valley", "Monasteries", "High Altitude Trekking"],
    "officialUrl": "https://www.leh-ladakh.com/",
    "bestTimeToVisit": "May to September",
    "entryFee": "No entry fee, permits required for certain areas"
  },
  {
    "name": "Rishikesh",
    "city": "Rishikesh",
    "state": "Uttarakhand",
    "country": "India",
    "latitude": "30.0869",
    "longitude": "78.2676",
    "description": "Known as the 'Yoga Capital of the World', Rishikesh is situated in the foothills of the Himalayas along the Ganges River. Famous for adventure sports, spiritual retreats, and ashrams.",
    "heroImage": "@assets/generated_images/rishikesh-ganga_u1v2w3x4.png",
    "categories": ["Spiritual", "Adventure", "River"],
    "highlights": ["River Rafting", "Bungee Jumping", "Yoga Ashrams", "Laxman Jhula"],
    "officialUrl": "https://uttarakhandtourism.gov.in/destination/rishikesh",
    "bestTimeToVisit": "February to May, September to November",
    "entryFee": "No entry fee, charges for activities"
  },
  {
    "name": "Mysore Palace",
    "city": "Mysore",
    "state": "Karnataka",
    "country": "India",
    "latitude": "12.3051",
    "longitude": "76.6551",
    "description": "The Mysore Palace, also known as Amba Vilas Palace, is a historical palace and a royal residence. It served as the official residence of the Wadiyar dynasty and the seat of the Kingdom of Mysore.",
    "heroImage": "@assets/generated_images/mysore-palace_y5z6a7b8.png",
    "categories": ["Historical", "Royal", "Architecture"],
    "highlights": ["Indo-Saracenic Architecture", "Durbar Hall", "Royal Collections", "Dasara Festival"],
    "officialUrl": "https://mysorepalace.gov.in/",
    "bestTimeToVisit": "October to March",
    "entryFee": "₹70 for Indians, ₹200 for Foreigners"
  },
  {
    "name": "Hampi",
    "city": "Hampi",
    "state": "Karnataka",
    "country": "India",
    "latitude": "15.3350",
    "longitude": "76.4600",
    "description": "Hampi is a UNESCO World Heritage Site located in Karnataka. It was the capital of the Vijayanagara Empire and is now famous for its ruins of ancient temples, palaces, and monuments.",
    "heroImage": "@assets/generated_images/hampi-ruins_c9d0e1f2.png",
    "categories": ["Historical", "UNESCO World Heritage", "Archaeological"],
    "highlights": ["Virupaksha Temple", "Stone Chariot", "Elephant Stables", "Boulder Landscapes"],
    "officialUrl": "https://asi.nic.in/hampi/",
    "bestTimeToVisit": "October to March",
    "entryFee": "₹40 for Indians, ₹600 for Foreigners"
  },
  {
    "name": "Darjeeling",
    "city": "Darjeeling",
    "state": "West Bengal",
    "country": "India",
    "latitude": "27.0410",
    "longitude": "88.2663",
    "description": "Known as the 'Queen of the Hills', Darjeeling is famous for its tea gardens, the Darjeeling Himalayan Railway (Toy Train), and panoramic views of Mount Kanchenjunga.",
    "heroImage": "@assets/generated_images/darjeeling-tea_g3h4i5j6.png",
    "categories": ["Hill Station", "Tea Gardens", "Railway"],
    "highlights": ["Tiger Hill Sunrise", "Toy Train", "Tea Gardens", "Mount Kanchenjunga Views"],
    "officialUrl": "https://www.wbtourism.gov.in/destination/darjeeling",
    "bestTimeToVisit": "April to June, September to November",
    "entryFee": "No entry fee for the town"
  },
  {
    "name": "Varanasi",
    "city": "Varanasi",
    "state": "Uttar Pradesh",
    "country": "India",
    "latitude": "25.3176",
    "longitude": "82.9739",
    "description": "One of the oldest continuously inhabited cities in the world, Varanasi is considered the spiritual capital of India. Located on the banks of the Ganges River, it's famous for its ghats and religious significance.",
    "heroImage": "@assets/generated_images/varanasi-ghats_k7l8m9n0.png",
    "categories": ["Spiritual", "Historical", "River"],
    "highlights": ["Dashashwamedh Ghat", "Kashi Vishwanath Temple", "Ganga Aarti", "Boat Rides"],
    "officialUrl": "https://www.uptourism.gov.in/destination/varanasi",
    "bestTimeToVisit": "October to March",
    "entryFee": "No entry fee for ghats, temple charges may apply"
  }
]