[
  {
    "name": "The Oberoi Amarvilas",
    "destinationId": "taj-mahal",
    "address": "Taj East Gate Road, Agra, Uttar Pradesh 282001",
    "city": "Agra",
    "state": "Uttar Pradesh",
    "latitude": "27.1739",
    "longitude": "78.0428",
    "starRating": 5,
    "contactPhone": "+91 562 223 1515",
    "website": "https://www.oberoihotels.com/hotels-in-agra-amarvilas-resort/",
    "amenities": ["Spa", "Fine Dining", "Taj View", "Pool", "Fitness Center", "Concierge"],
    "priceRange": "₹50,000 - ₹80,000 per night",
    "images": ["@assets/generated_images/luxury-hotel_h1i2j3k4.png"],
    "description": "Luxury hotel with unobstructed views of the Taj Mahal from all rooms and suites."
  },
  {
    "name": "ITC Mughal",
    "destinationId": "taj-mahal",
    "address": "Taj Ganj, Agra, Uttar Pradesh 282001",
    "city": "Agra",
    "state": "Uttar Pradesh",
    "latitude": "27.1744",
    "longitude": "78.0409",
    "starRating": 5,
    "contactPhone": "+91 562 402 1700",
    "website": "https://www.itchotels.com/in/en/itcmughal-agra",
    "amenities": ["Multiple Restaurants", "Spa", "Pool", "Business Center", "Garden"],
    "priceRange": "₹15,000 - ₹25,000 per night",
    "images": ["@assets/generated_images/heritage-hotel_l5m6n7o8.png"],
    "description": "Heritage luxury hotel inspired by Mughal architecture, close to the Taj Mahal."
  },
  {
    "name": "Kumarakom Lake Resort",
    "destinationId": "kerala-backwaters",
    "address": "Kumarakom, Kottayam, Kerala 686566",
    "city": "Kumarakom",
    "state": "Kerala",
    "latitude": "9.6177",
    "longitude": "76.4283",
    "starRating": 5,
    "contactPhone": "+91 481 252 4900",
    "website": "https://www.kumarakomlakeresort.in/",
    "amenities": ["Ayurvedic Spa", "Traditional Architecture", "Backwater Access", "Cultural Programs"],
    "priceRange": "₹20,000 - ₹35,000 per night",
    "images": ["@assets/generated_images/backwater-resort_p9q0r1s2.png"],
    "description": "Traditional Kerala architecture resort on the banks of Vembanad Lake."
  },
  {
    "name": "Coconut Lagoon",
    "destinationId": "kerala-backwaters",
    "address": "Kumarakom, Kottayam, Kerala 686566",
    "city": "Kumarakom",
    "state": "Kerala",
    "latitude": "9.6189",
    "longitude": "76.4275",
    "starRating": 4,
    "contactPhone": "+91 481 252 4491",
    "website": "https://www.cghearth.com/coconut-lagoon",
    "amenities": ["Heritage Villas", "Ayurveda Center", "Butterfly Garden", "Country Boat"],
    "priceRange": "₹12,000 - ₹20,000 per night",
    "images": ["@assets/generated_images/heritage-resort_t3u4v5w6.png"],
    "description": "Heritage resort built with traditional Kerala architecture materials."
  },
  {
    "name": "Taj Exotica Resort & Spa",
    "destinationId": "goa-beaches",
    "address": "Calvaddo, Benaulim, Goa 403716",
    "city": "Benaulim",
    "state": "Goa",
    "latitude": "15.2539",
    "longitude": "73.9199",
    "starRating": 5,
    "contactPhone": "+91 832 277 1234",
    "website": "https://www.tajhotels.com/en-in/taj/taj-exotica-resort-and-spa-goa/",
    "amenities": ["Private Beach", "Multiple Pools", "Spa", "Golf Course", "Water Sports"],
    "priceRange": "₹25,000 - ₹40,000 per night",
    "images": ["@assets/generated_images/beach-resort_x7y8z9a0.png"],
    "description": "Luxury beachfront resort with private beach access and world-class amenities."
  },
  {
    "name": "Park Hyatt Goa Resort and Spa",
    "destinationId": "goa-beaches",
    "address": "Arossim Beach, Cansaulim, Goa 403712",
    "city": "Cansaulim",
    "state": "Goa",
    "latitude": "15.2389",
    "longitude": "73.9256",
    "starRating": 5,
    "contactPhone": "+91 832 272 1234",
    "website": "https://www.hyatt.com/en-US/hotel/india/park-hyatt-goa-resort-and-spa/",
    "amenities": ["Beach Access", "Spa", "Pool", "Fine Dining", "Water Sports"],
    "priceRange": "₹20,000 - ₹35,000 per night",
    "images": ["@assets/generated_images/modern-resort_b1c2d3e4.png"],
    "description": "Contemporary luxury resort overlooking the Arabian Sea."
  },
  {
    "name": "Rambagh Palace",
    "destinationId": "rajasthan-palaces",
    "address": "Bhawani Singh Road, Jaipur, Rajasthan 302005",
    "city": "Jaipur",
    "state": "Rajasthan",
    "latitude": "26.8983",
    "longitude": "75.8072",
    "starRating": 5,
    "contactPhone": "+91 141 221 1919",
    "website": "https://www.tajhotels.com/en-in/taj/rambagh-palace-jaipur/",
    "amenities": ["Royal Suites", "Spa", "Heritage Architecture", "Fine Dining", "Gardens"],
    "priceRange": "₹35,000 - ₹1,50,000 per night",
    "images": ["@assets/generated_images/palace-hotel_f5g6h7i8.png"],
    "description": "Former residence of the Maharaja of Jaipur, now a luxury palace hotel."
  },
  {
    "name": "Samode Palace",
    "destinationId": "rajasthan-palaces",
    "address": "Samode Village, Jaipur, Rajasthan 303806",
    "city": "Samode",
    "state": "Rajasthan",
    "latitude": "27.0342",
    "longitude": "75.6028",
    "starRating": 5,
    "contactPhone": "+91 1423 240 014",
    "website": "https://www.samode.com/samode-palace/",
    "amenities": ["Palace Architecture", "Royal Dining", "Heritage Rooms", "Cultural Programs"],
    "priceRange": "₹25,000 - ₹60,000 per night",
    "images": ["@assets/generated_images/heritage-palace_j9k0l1m2.png"],
    "description": "475-year-old palace with exquisite frescoes and mirror work."
  },
  {
    "name": "The Grand Dragon Ladakh",
    "destinationId": "ladakh",
    "address": "Old Road, Sheynam, Leh, Ladakh 194101",
    "city": "Leh",
    "state": "Ladakh",
    "latitude": "34.1642",
    "longitude": "77.5831",
    "starRating": 4,
    "contactPhone": "+91 1982 257 666",
    "website": "https://www.thegranddragonladakh.com/",
    "amenities": ["Mountain Views", "Spa", "Multi-cuisine Restaurant", "Conference Facilities"],
    "priceRange": "₹8,000 - ₹15,000 per night",
    "images": ["@assets/generated_images/mountain-hotel_n3o4p5q6.png"],
    "description": "Luxury hotel with panoramic views of the Ladakh mountains."
  },
  {
    "name": "Hotel Hilltop",
    "destinationId": "ladakh",
    "address": "Upper Tukcha Road, Leh, Ladakh 194101",
    "city": "Leh",
    "state": "Ladakh",
    "latitude": "34.1598",
    "longitude": "77.5789",
    "starRating": 3,
    "contactPhone": "+91 1982 252 462",
    "website": "https://www.hotelhilltopladakh.com/",
    "amenities": ["Valley Views", "Restaurant", "Travel Desk", "Wi-Fi"],
    "priceRange": "₹3,000 - ₹6,000 per night",
    "images": ["@assets/generated_images/budget-hotel_r7s8t9u0.png"],
    "description": "Budget-friendly hotel with beautiful valley views and modern amenities."
  },
  {
    "name": "Ananda in the Himalayas",
    "destinationId": "rishikesh",
    "address": "The Palace Estate, Narendra Nagar, Tehri Garhwal, Uttarakhand 249175",
    "city": "Narendra Nagar",
    "state": "Uttarakhand",
    "latitude": "30.1629",
    "longitude": "78.4392",
    "starRating": 5,
    "contactPhone": "+91 1378 227 500",
    "website": "https://www.anandaspa.com/",
    "amenities": ["Luxury Spa", "Yoga", "Palace Architecture", "Ayurveda", "Meditation"],
    "priceRange": "₹40,000 - ₹80,000 per night",
    "images": ["@assets/generated_images/spa-resort_v1w2x3y4.png"],
    "description": "Luxury destination spa in a Himalayan palace estate."
  },
  {
    "name": "Ganga Kinare",
    "destinationId": "rishikesh",
    "address": "Byasi-Rishikesh Road, Village Byasi, Rishikesh, Uttarakhand 249192",
    "city": "Rishikesh",
    "state": "Uttarakhand",
    "latitude": "30.0734",
    "longitude": "78.3089",
    "starRating": 4,
    "contactPhone": "+91 135 624 0500",
    "website": "https://www.gangakinare.com/",
    "amenities": ["River Front", "Spa", "Yoga Hall", "Adventure Activities", "Organic Farm"],
    "priceRange": "₹8,000 - ₹15,000 per night",
    "images": ["@assets/generated_images/riverside-resort_z5a6b7c8.png"],
    "description": "Boutique riverside resort with focus on wellness and adventure."
  },
  {
    "name": "The Lalitha Mahal Palace Hotel",
    "destinationId": "mysore-palace",
    "address": "Siddhartha Nagar, Mysore, Karnataka 570011",
    "city": "Mysore",
    "state": "Karnataka",
    "latitude": "12.2847",
    "longitude": "76.6394",
    "starRating": 5,
    "contactPhone": "+91 821 247 5000",
    "website": "https://www.itchotels.com/in/en/welcomhotel-lalitha-mahal-palace-mysore",
    "amenities": ["Palace Architecture", "Heritage Rooms", "Multi-cuisine Restaurant", "Conference Hall"],
    "priceRange": "₹12,000 - ₹20,000 per night",
    "images": ["@assets/generated_images/palace-heritage_d9e0f1g2.png"],
    "description": "Converted palace hotel with royal heritage and modern amenities."
  },
  {
    "name": "Hotel Mayura Hoysala",
    "destinationId": "hampi",
    "address": "Kamalpura Road, Hampi, Karnataka 583239",
    "city": "Hampi",
    "state": "Karnataka",
    "latitude": "15.3347",
    "longitude": "76.4596",
    "starRating": 3,
    "contactPhone": "+91 8533 241 574",
    "website": "https://www.kstdc.co/hotel-mayura-hoysala-hampi/",
    "amenities": ["Restaurant", "Garden", "Travel Desk", "Wi-Fi"],
    "priceRange": "₹2,500 - ₹4,000 per night",
    "images": ["@assets/generated_images/heritage-guesthouse_h3i4j5k6.png"],
    "description": "Government-run heritage hotel near Hampi's archaeological sites."
  },
  {
    "name": "Windamere Hotel",
    "destinationId": "darjeeling",
    "address": "Observatory Hill, Darjeeling, West Bengal 734101",
    "city": "Darjeeling",
    "state": "West Bengal",
    "latitude": "27.0431",
    "longitude": "88.2689",
    "starRating": 4,
    "contactPhone": "+91 354 225 4041",
    "website": "https://www.windamerehotel.com/",
    "amenities": ["Heritage Property", "Mountain Views", "Tea Lounge", "Library", "Fireplace"],
    "priceRange": "₹8,000 - ₹12,000 per night",
    "images": ["@assets/generated_images/colonial-hotel_l7m8n9o0.png"],
    "description": "Historic colonial-era hotel with old-world charm and mountain views."
  },
  {
    "name": "Ganges View Hotel",
    "destinationId": "varanasi",
    "address": "B 21/51 Assi Ghat, Varanasi, Uttar Pradesh 221005",
    "city": "Varanasi",
    "state": "Uttar Pradesh",
    "latitude": "25.2820",
    "longitude": "82.9890",
    "starRating": 3,
    "contactPhone": "+91 542 231 8218",
    "website": "https://www.gangesviewhotel.com/",
    "amenities": ["Ganga Views", "Rooftop Restaurant", "Travel Desk", "Wi-Fi"],
    "priceRange": "₹3,000 - ₹6,000 per night",
    "images": ["@assets/generated_images/ghat-hotel_p1q2r3s4.png"],
    "description": "Budget hotel with direct views of the Ganges and nearby ghats."
  }
]