[
  {
    "destinationId": "taj-mahal",
    "budgetType": "budget",
    "accommodationPerNight": "2500.00",
    "foodPerDay": "800.00",
    "transportPerDay": "500.00",
    "activitiesPerDay": "300.00"
  },
  {
    "destinationId": "taj-mahal",
    "budgetType": "mid",
    "accommodationPerNight": "8000.00",
    "foodPerDay": "1500.00",
    "transportPerDay": "1000.00",
    "activitiesPerDay": "800.00"
  },
  {
    "destinationId": "taj-mahal",
    "budgetType": "luxury",
    "accommodationPerNight": "25000.00",
    "foodPerDay": "3000.00",
    "transportPerDay": "2500.00",
    "activitiesPerDay": "2000.00"
  },
  {
    "destinationId": "kerala-backwaters",
    "budgetType": "budget",
    "accommodationPerNight": "3000.00",
    "foodPerDay": "600.00",
    "transportPerDay": "400.00",
    "activitiesPerDay": "800.00"
  },
  {
    "destinationId": "kerala-backwaters",
    "budgetType": "mid",
    "accommodationPerNight": "10000.00",
    "foodPerDay": "1200.00",
    "transportPerDay": "800.00",
    "activitiesPerDay": "1500.00"
  },
  {
    "destinationId": "kerala-backwaters",
    "budgetType": "luxury",
    "accommodationPerNight": "20000.00",
    "foodPerDay": "2500.00",
    "transportPerDay": "2000.00",
    "activitiesPerDay": "3000.00"
  },
  {
    "destinationId": "goa-beaches",
    "budgetType": "budget",
    "accommodationPerNight": "2000.00",
    "foodPerDay": "700.00",
    "transportPerDay": "300.00",
    "activitiesPerDay": "600.00"
  },
  {
    "destinationId": "goa-beaches",
    "budgetType": "mid",
    "accommodationPerNight": "6000.00",
    "foodPerDay": "1200.00",
    "transportPerDay": "600.00",
    "activitiesPerDay": "1000.00"
  },
  {
    "destinationId": "goa-beaches",
    "budgetType": "luxury",
    "accommodationPerNight": "18000.00",
    "foodPerDay": "2200.00",
    "transportPerDay": "1500.00",
    "activitiesPerDay": "2500.00"
  },
  {
    "destinationId": "rajasthan-palaces",
    "budgetType": "budget",
    "accommodationPerNight": "2800.00",
    "foodPerDay": "900.00",
    "transportPerDay": "600.00",
    "activitiesPerDay": "500.00"
  },
  {
    "destinationId": "rajasthan-palaces",
    "budgetType": "mid",
    "accommodationPerNight": "9000.00",
    "foodPerDay": "1800.00",
    "transportPerDay": "1200.00",
    "activitiesPerDay": "1200.00"
  },
  {
    "destinationId": "rajasthan-palaces",
    "budgetType": "luxury",
    "accommodationPerNight": "30000.00",
    "foodPerDay": "3500.00",
    "transportPerDay": "3000.00",
    "activitiesPerDay": "2500.00"
  },
  {
    "destinationId": "ladakh",
    "budgetType": "budget",
    "accommodationPerNight": "1500.00",
    "foodPerDay": "500.00",
    "transportPerDay": "800.00",
    "activitiesPerDay": "400.00"
  },
  {
    "destinationId": "ladakh",
    "budgetType": "mid",
    "accommodationPerNight": "5000.00",
    "foodPerDay": "1000.00",
    "transportPerDay": "1500.00",
    "activitiesPerDay": "1000.00"
  },
  {
    "destinationId": "ladakh",
    "budgetType": "luxury",
    "accommodationPerNight": "12000.00",
    "foodPerDay": "2000.00",
    "transportPerDay": "3000.00",
    "activitiesPerDay": "2000.00"
  },
  {
    "destinationId": "rishikesh",
    "budgetType": "budget",
    "accommodationPerNight": "1200.00",
    "foodPerDay": "400.00",
    "transportPerDay": "300.00",
    "activitiesPerDay": "600.00"
  },
  {
    "destinationId": "rishikesh",
    "budgetType": "mid",
    "accommodationPerNight": "4000.00",
    "foodPerDay": "800.00",
    "transportPerDay": "600.00",
    "activitiesPerDay": "1200.00"
  },
  {
    "destinationId": "rishikesh",
    "budgetType": "luxury",
    "accommodationPerNight": "15000.00",
    "foodPerDay": "1800.00",
    "transportPerDay": "1500.00",
    "activitiesPerDay": "2500.00"
  },
  {
    "destinationId": "mysore-palace",
    "budgetType": "budget",
    "accommodationPerNight": "1800.00",
    "foodPerDay": "500.00",
    "transportPerDay": "400.00",
    "activitiesPerDay": "300.00"
  },
  {
    "destinationId": "mysore-palace",
    "budgetType": "mid",
    "accommodationPerNight": "5500.00",
    "foodPerDay": "1000.00",
    "transportPerDay": "800.00",
    "activitiesPerDay": "700.00"
  },
  {
    "destinationId": "mysore-palace",
    "budgetType": "luxury",
    "accommodationPerNight": "15000.00",
    "foodPerDay": "2000.00",
    "transportPerDay": "2000.00",
    "activitiesPerDay": "1500.00"
  },
  {
    "destinationId": "hampi",
    "budgetType": "budget",
    "accommodationPerNight": "1000.00",
    "foodPerDay": "300.00",
    "transportPerDay": "200.00",
    "activitiesPerDay": "250.00"
  },
  {
    "destinationId": "hampi",
    "budgetType": "mid",
    "accommodationPerNight": "3500.00",
    "foodPerDay": "600.00",
    "transportPerDay": "500.00",
    "activitiesPerDay": "600.00"
  },
  {
    "destinationId": "hampi",
    "budgetType": "luxury",
    "accommodationPerNight": "8000.00",
    "foodPerDay": "1200.00",
    "transportPerDay": "1200.00",
    "activitiesPerDay": "1000.00"
  },
  {
    "destinationId": "darjeeling",
    "budgetType": "budget",
    "accommodationPerNight": "1500.00",
    "foodPerDay": "400.00",
    "transportPerDay": "300.00",
    "activitiesPerDay": "400.00"
  },
  {
    "destinationId": "darjeeling",
    "budgetType": "mid",
    "accommodationPerNight": "4500.00",
    "foodPerDay": "800.00",
    "transportPerDay": "600.00",
    "activitiesPerDay": "800.00"
  },
  {
    "destinationId": "darjeeling",
    "budgetType": "luxury",
    "accommodationPerNight": "10000.00",
    "foodPerDay": "1500.00",
    "transportPerDay": "1200.00",
    "activitiesPerDay": "1500.00"
  },
  {
    "destinationId": "varanasi",
    "budgetType": "budget",
    "accommodationPerNight": "1200.00",
    "foodPerDay": "300.00",
    "transportPerDay": "200.00",
    "activitiesPerDay": "300.00"
  },
  {
    "destinationId": "varanasi",
    "budgetType": "mid",
    "accommodationPerNight": "3500.00",
    "foodPerDay": "600.00",
    "transportPerDay": "400.00",
    "activitiesPerDay": "600.00"
  },
  {
    "destinationId": "varanasi",
    "budgetType": "luxury",
    "accommodationPerNight": "8000.00",
    "foodPerDay": "1200.00",
    "transportPerDay": "1000.00",
    "activitiesPerDay": "1200.00"
  }
]